,Name,Price €,Kilometer,Gear Type,First Registration,Gas Type,Power,Energy Efficiency,Environment Index,CO2,Registration Year,Powerhorse
0,"BMW 320 Baureihe 3 Lim. 320 i Advantage,Sitzhzg.Navi",24999.0,53500.0,Automatik,09/2019,Benzin,135 kW (184 PS),- (l/100 km),- (g/km),,2019,184
1,BMW 320 320i Gran Turismo Sport Line*Automatik*LED*Navi,23890.0,45383.0,Automatik,05/2020,Benzin,135 kW (184 PS),- (l/100 km),- (g/km),,2020,184
2,BMW 320 i Advantage LED NAVI KAMERA BUSINESS-PAKET,25900.0,25000.0,Automatik,09/2019,Benzin,135 kW (184 PS),- (l/100 km),- (g/km),,2019,184
3,BMW 320 i Aut. M Sport,29890.0,65900.0,Automatik,06/2020,Benzin,135 kW (184 PS),- (l/100 km),- (g/km),,2020,184
4,BMW 320 i M Sport*Glasdach*ACC*Kamera*AHK*HiFi*,33980.0,54272.0,Automatik,04/2023,Benzin,135 kW (184 PS),- (l/100 km),- (g/km),,2023,184
5,BMW 320 iA Lim. M Sportpaket HiFi Laser GSD Kamera DAB,33940.0,42737.0,Automatik,05/2021,Benzin,135 kW (184 PS),"6,5 l/100 km (komb.)",147 g/km (komb.),CO₂-Klasse E (komb.),2021,184
6,BMW 320 i M Sport Kamera Laser HUD DAB HiFi Komfort,27500.0,76846.0,Automatik,02/2020,Benzin,135 kW (184 PS),- (l/100 km),- (g/km),,2020,184
7,"BMW 320 i M Sport 19"" Laser AHK HUD SHZ PA+ NAVI DAB",36790.0,40963.0,Automatik,01/2022,Benzin,135 kW (184 PS),- (l/100 km),- (g/km),,2022,184
8,BMW 320 iA Lim. M Sportpaket DrivingAssist Standheiz,32430.0,45415.0,Automatik,05/2021,Benzin,135 kW (184 PS),"6,4 l/100 km (komb.)",146 g/km (komb.),CO₂-Klasse E (komb.),2021,184
9,BMW 320 i Touring M Sport RFK ACC HiFi QI adptLED HuD,32980.0,35100.0,Automatik,07/2023,Benzin,135 kW (184 PS),- (l/100 km),- (g/km),,2023,184
10,BMW 320 i Lim. Aut. M Sport +LED+Navi+AHK+Kamera+DAB,37790.0,10500.0,Automatik,09/2024,Benzin,135 kW (184 PS),"7,3 l/100 km (komb.)",165 g/km (komb.),CO₂-Klasse F (komb.),2024,184
11,BMW 320 320 i Advantage  Sportsitze VollLeder  RKamera,27990.0,33700.0,Automatik,08/2021,Benzin,135 kW (184 PS),"6,1 l/100 km (komb.)",140 g/km (komb.),,2021,184
12,BMW 320 i M Sport*ACC*HIFI*R-KAMERA*SHZ*18 ZOLL*DAB+*,37880.0,6000.0,Automatik,06/2024,Benzin,135 kW (184 PS),- (l/100 km),- (g/km),,2024,184
13,BMW 320 i Limousine M Sport*Keyless*DAB*HiFi*ACC*,38790.0,39490.0,Automatik,11/2023,Benzin,135 kW (184 PS),"7,2 l/100 km (komb.)",162 g/km (komb.),CO₂-Klasse F (komb.),2023,184
14,BMW 320 i Automatik Aut. Klimaaut. PDC Aut. Heckkl.,27690.0,50296.0,Automatik,11/2021,Benzin,135 kW (184 PS),"6,3 l/100 km (komb.)",142 g/km (komb.),CO₂-Klasse E (komb.),2021,184
15,BMW 320 i Tour M Sportpaket ACC Profess.HIFI°LED°18,34850.0,23240.0,Automatik,04/2023,Benzin,135 kW (184 PS),- (l/100 km),152 g/km (komb.),,2023,184
16,BMW 320 i M Sport*Glasdach*ACC*Kamera*AHK*HiFi*,33980.0,54272.0,Automatik,04/2023,Benzin,135 kW (184 PS),- (l/100 km),- (g/km),,2023,184
17,BMW 320 i Tour M Sportpaket ACC Profess.HIFI°LED°18,34850.0,23240.0,Automatik,04/2023,Benzin,135 kW (184 PS),- (l/100 km),152 g/km (komb.),,2023,184
18,BMW 320 i Touring Steptronic Sport Line+LED+NAVI,30950.0,85020.0,Automatik,10/2020,Benzin,135 kW (184 PS),- (l/100 km),- (g/km),,2020,184
19,BMW 320 320i Gran Turismo Sport Line*Automatik*LED*Navi,23890.0,45383.0,Automatik,05/2020,Benzin,135 kW (184 PS),- (l/100 km),- (g/km),,2020,184
20,BMW 320 i DAB PDC LED Geschwindigkeitsreg.Individual,28999.0,24230.0,Automatik,08/2021,Benzin,135 kW (184 PS),- (l/100 km),151 g/km (komb.),CO₂-Klasse A (komb.),2021,184
21,BMW 320 i Limousine SH PA LMR HiFi,30790.0,74074.0,Automatik,07/2021,Benzin,135 kW (184 PS),- (l/100 km),- (g/km),,2021,184
22,BMW 320 i Tour M Sport GSD RFK KoZg aLED HiFi LiCoPro,37980.0,19990.0,Automatik,06/2023,Benzin,135 kW (184 PS),"6,8 l/100 km (komb.)",153 g/km (komb.),CO₂-Klasse E (komb.),2023,184
23,BMW 320 i Tour M Sport GSD RFK KoZg aLED HiFi LiCoPro,38999.0,13990.0,Automatik,03/2023,Benzin,135 kW (184 PS),"6,8 l/100 km (komb.)",153 g/km (komb.),CO₂-Klasse E (komb.),2023,184
24,BMW 320 i Touring Aut.,39990.0,26923.0,Automatik,12/2022,Benzin,135 kW (184 PS),- (l/100 km),- (g/km),,2022,184
25,BMW 320 i M Sport+LED+ACC+Kamera+3-Zonen+SZH+Navi+APP+,39999.0,4980.0,Automatik,02/2023,Benzin,135 kW (184 PS),"6,4 l/100 km (komb.)",145 g/km (komb.),CO₂-Klasse E (komb.),2023,184
26,BMW 320 i Limousine HiFi Harman Kardon Komfortzg.,35700.0,2850.0,Automatik,11/2023,Benzin,135 kW (184 PS),- (l/100 km),- (g/km),,2023,184
27,BMW 320 i M Sport HUD/ACC/LEDER/SHADOW LINE,36900.0,28100.0,Automatik,05/2023,Benzin,135 kW (184 PS),"7,2 l/100 km (komb.)",159 g/km (komb.),,2023,184
28,BMW 320 i M Sport SD°ACC°AHK°Ad.LED°HIFI°Rfcam°el.Si,38900.0,26120.0,Automatik,11/2023,Benzin,135 kW (184 PS),"6,9 l/100 km (komb.)",155 g/km (komb.),,2023,184
29,BMW 320 i Tour M Sportpaket AHK°ACC*el.Sitz+M*Rfcam.,39400.0,17480.0,Automatik,01/2024,Benzin,135 kW (184 PS),"7,1 l/100 km (komb.)",160 g/km (komb.),,2024,184
30,BMW 320 i Tour M Sportpaket Ad.LED°ACC°el.Sitze+Mem.,35500.0,27860.0,Automatik,08/2023,Benzin,135 kW (184 PS),"7,1 l/100 km (komb.)",160 g/km (komb.),,2023,184
31,BMW 320 i M Sport Laser ACC Memory HiFi,35591.0,24500.0,Automatik,06/2023,Benzin,135 kW (184 PS),- (l/100 km),- (g/km),,2023,184
32,BMW 320 i Touring M Sport AHK HiFi PA DA ALED,37890.0,24591.0,Automatik,05/2023,Benzin,135 kW (184 PS),- (l/100 km),- (g/km),,2023,184
33,BMW 320 i Touring Aut. Advantage,27890.0,69527.0,Automatik,03/2021,Benzin,135 kW (184 PS),- (l/100 km),- (g/km),,2021,184
34,BMW 320 i Limousine AHK LED Navi Hifi,28850.0,53389.0,Automatik,01/2020,Benzin,135 kW (184 PS),- (l/100 km),- (g/km),,2020,184
35,BMW 320 i MSport/Pano/AHK/NAV/UPE 66000€/+5J.Garantie,42900.0,1625.0,Automatik,04/2024,Benzin,135 kW (184 PS),"6,9 l/100 km (komb.)",155 g/km (komb.),CO₂-Klasse E (komb.),2024,184
36,BMW 320 i Steptronic Touring LED Navi SHZ TEMP,29950.0,36313.0,Automatik,05/2022,Benzin,135 kW (184 PS),- (l/100 km),- (g/km),,2022,184
37,"BMW 320 i Touring Sport Line 17""LMR+AT+KFZ+AHK+SPORTSITZ+S",31490.0,51900.0,Automatik,10/2021,Benzin,135 kW (184 PS),- (l/100 km),- (g/km),,2021,184
38,BMW 320 i Advantage DAB LED WLAN Tempomat Klimaaut.,26990.0,54820.0,Automatik,10/2020,Benzin,135 kW (184 PS),- (l/100 km),- (g/km),,2020,184
39,BMW 320 i Advantage LED NAVI KAMERA BUSINESS-PAKET,25900.0,25000.0,Automatik,09/2019,Benzin,135 kW (184 PS),- (l/100 km),- (g/km),,2019,184
40,BMW 320 i Limousine Navi digitales Cockpit LED Klimaautom,25880.0,57899.0,Automatik,06/2019,Benzin,135 kW (184 PS),- (l/100 km),- (g/km),,2019,184
41,BMW 320 i Limousine M-Sport AHK MEMORY KAMERA SZH,37480.0,25280.0,Automatik,01/2024,Benzin,135 kW (184 PS),- (l/100 km),- (g/km),,2024,184
42,BMW 320 i Limousine Luxury Line Head-Up HiFi DAB Shz,32280.0,44021.0,Automatik,08/2019,Benzin,135 kW (184 PS),- (l/100 km),- (g/km),,2019,184
43,BMW 320 i Touring DAB LED Tempomat Klimaaut. PDC,31280.0,80096.0,Automatik,03/2023,Benzin,135 kW (184 PS),- (l/100 km),- (g/km),,2023,184
44,BMW 320 i Limousine*M-Sport*HiFi*RFK*LED*Tempomat*DAB*,36850.0,25984.0,Automatik,11/2021,Benzin,135 kW (184 PS),"7,2 l/100 km (komb.)",163 g/km (komb.),CO₂-Klasse F (komb.),2021,184
45,"BMW 320 iA Lim CockpProf Navi Leder LED 18"" Sportsitz",28999.0,29200.0,Automatik,07/2021,Benzin,135 kW (184 PS),"5,7 l/100 km (komb.)",143 g/km (komb.),,2021,184
46,"BMW 320 320 i Sport Line,LED,SHZ,PDC,DAB,8xALU",27900.0,77500.0,Automatik,04/2020,Benzin,135 kW (184 PS),"5,7 l/100 km (komb.)",130 g/km (komb.),,2020,184
47,BMW 320 iA Touring M-Sport LED PDC SHZ TEMP HEAD-UP,30960.0,61700.0,- Getriebe,12/2020,Benzin,135 kW (184 PS),"5,7 l/100 km (komb.)",130 g/km (komb.),,2020,184
48,BMW 320 318i Lim. *Schiebedach*Leder*Harman/Kardon*HUD*,36999.0,9921.0,Automatik,11/2023,Benzin,115 kW (156 PS),- (l/100 km),- (g/km),,2023,156
49,BMW 320 i MPaket LivePR Leder Hifi Park GSHD LED 1Hd,33499.0,35200.0,Automatik,11/2020,Benzin,135 kW (184 PS),- (l/100 km),- (g/km),,2020,184
50,BMW 320 320i Touring Aut. Sport Line,29900.0,59800.0,Automatik,04/2021,Benzin,135 kW (184 PS),"7,5 l/100 km (komb.)",170 g/km (komb.),,2021,184
51,BMW 320 i M Sport*LED*H&K*HUD*DAB*LED adaptive,42240.0,11729.0,Automatik,11/2023,Benzin,135 kW (184 PS),- (l/100 km),- (g/km),,2023,184
52,BMW 320 i Lim. xDrive*Schiebedach*HUD*AHK*LED adapt,42440.0,7500.0,Automatik,01/2024,Benzin,135 kW (184 PS),- (l/100 km),- (g/km),,2024,184
53,"BMW 320 i Touring""M-Sport""Pano+AHK+HUD+Kamera+ACC",39222.0,24650.0,Automatik,08/2023,Benzin,135 kW (184 PS),"7,1 l/100 km (komb.)",161 g/km (komb.),,2023,184
54,"BMW 320 i Touring""M-Sport""Pano+AHK+HUD+Kamera+ACC",39444.0,27300.0,Automatik,07/2023,Benzin,135 kW (184 PS),"7,1 l/100 km (komb.)",161 g/km (komb.),CO₂-Klasse F (komb.),2023,184
55,"BMW 320 i Touring""M-Sport""Pano+AHK+HUD+Kamera+ACC",39222.0,24650.0,Automatik,08/2023,Benzin,135 kW (184 PS),"7,1 l/100 km (komb.)",161 g/km (komb.),,2023,184
56,BMW 320 Sport Line LED,21490.0,46918.0,Automatik,01/2020,Benzin,135 kW (184 PS),- (l/100 km),- (g/km),,2020,184
57,BMW 320 i Touring Aut. Sport Line,31500.0,44038.0,Automatik,12/2021,Benzin,135 kW (184 PS),- (l/100 km),- (g/km),,2021,184
58,BMW 320 i M-Sportpaket*LED*VIRTUAL*1.HAND,28990.0,81406.0,Automatik,10/2019,Benzin,135 kW (184 PS),"5,5 l/100 km (komb.)",126 g/km (komb.),,2019,184
59,BMW 320 i M Sport*Glasdach*ACC*Kamera*AHK*HiFi*,33980.0,54272.0,Automatik,04/2023,Benzin,135 kW (184 PS),- (l/100 km),- (g/km),,2023,184
60,"BMW 320 iA T M SPORT LivePr,Laser,HUD,Leder,St+G,Kam",28450.0,60000.0,Automatik,12/2020,Benzin,135 kW (184 PS),- (l/100 km),- (g/km),,2020,184
61,"BMW 320 iA Sport LivePro,LED,Glasdach,St+Go,Kam,Hifi",27450.0,98595.0,Automatik,03/2021,Benzin,135 kW (184 PS),- (l/100 km),- (g/km),,2021,184
62,BMW 320 i Sport Line ACC Laser Head-up Leder Kamera,25800.0,52325.0,Automatik,12/2020,Benzin,135 kW (184 PS),"5,3 l/100 km (komb.)",120 g/km (komb.),,2020,184
63,BMW 320 320i GT Aut. Advantage Navi HuD SHZ,21190.0,63786.0,Automatik,07/2020,Benzin,135 kW (184 PS),"6,2 l/100 km (komb.)",141 g/km (komb.),,2020,184
64,BMW 320 i Sport Line Aut HUD LASER LIVE HiFi PARK TEM,27999.0,56500.0,Automatik,11/2020,Benzin,135 kW (184 PS),"5,3 l/100 km (komb.)",120 g/km (komb.),,2020,184
65,BMW 320 320 i M Sport,26000.0,60000.0,- Getriebe,12/2019,Benzin,135 kW (184 PS),"5,7 l/100 km (komb.)",130 g/km (komb.),,2019,184
66,BMW 320 i Advantage*Navi*LED*PDC*Winter*SHZ*19 Zoll*,25980.0,37980.0,Automatik,07/2019,Benzin,135 kW (184 PS),"5,5 l/100 km (komb.)",126 g/km (komb.),,2019,184
67,BMW 320 i Tour. Aut. Advan LED/NAVI+/SHZ/VIRTU/AHK/8F,25250.0,63300.0,Automatik,03/2021,Benzin,135 kW (184 PS),- (l/100 km),- (g/km),,2021,184
68,BMW 320 i M Sport Aut/LASER/HEAD-UP/KAMERA/AHK/LIVE-C,27900.0,98000.0,Automatik,12/2019,Benzin,135 kW (184 PS),- (l/100 km),146 g/km (komb.),CO₂-Klasse A (komb.),2019,184
69,BMW 320 i M-Sportpaket PDC SHZ NAVI W-LAN LED,30290.0,84507.0,Automatik,01/2022,Benzin,135 kW (184 PS),- (l/100 km),- (g/km),,2022,184
70,BMW 320 320i+Touring+Aut.+Edition+M+Sport+Shadow,23800.0,53000.0,Automatik,05/2019,Benzin,135 kW (184 PS),"6,1 l/100 km (komb.)",- (g/km),,2019,184
71,BMW 320 320i+Touring+Aut.+M+Sport - 14 M GARANTIE,31299.0,38000.0,Automatik,10/2020,Benzin,135 kW (184 PS),"5,7 l/100 km (komb.)",- (g/km),,2020,184
72,BMW 320 i Automatik OPF,22900.0,92981.0,Automatik,06/2020,Benzin,135 kW (184 PS),- (l/100 km),142 g/km (komb.),,2020,184
73,BMW 320 320i Aut. Advantage - Unfallfrei - Navi - PDC,28499.0,35580.0,Automatik,04/2021,Benzin,135 kW (184 PS),"5,4 l/100 km (komb.)",- (g/km),,2021,184
74,BMW 320 i*LCProf*HUD*LEDER*KAMERA*AHK*LED,28498.0,52286.0,Automatik,09/2021,Benzin,135 kW (184 PS),"5,3 l/100 km (komb.)",120 g/km (komb.),,2021,184
75,BMW 320 i T M Sport LASER*HUD*Kamera*AHK*E.Sitz*LEDER,28900.0,71500.0,Automatik,07/2020,Benzin,135 kW (184 PS),"6,1 l/100 km (komb.)",138 g/km (komb.),,2020,184
76,BMW 320 3 Touring 320 i Sport Line*Autom.*Navi*Panorama*,24999.0,55000.0,Automatik,05/2020,Benzin,135 kW (184 PS),"5,8 l/100 km (komb.)",133 g/km (komb.),,2020,184
77,BMW 320 i Sport Line S-Dach SpoSi Lane RKam LED AUT,26990.0,35298.0,Automatik,12/2019,Benzin,135 kW (184 PS),- (l/100 km),- (g/km),,2019,184
78,BMW 320 3er 320i Aut. Advantage Limou. Navi - Tempomat PDC,27399.0,35583.0,Automatik,04/2021,Benzin,135 kW (184 PS),"5,3 l/100 km (komb.)",- (g/km),,2021,184
79,BMW 320 iA Lim. M Sportpaket HiFi Laser GSD Kamera DAB,33940.0,42737.0,Automatik,05/2021,Benzin,135 kW (184 PS),"6,5 l/100 km (komb.)",147 g/km (komb.),CO₂-Klasse E (komb.),2021,184
80,BMW 320 i Sport Line Aut. / 2Jahre-BPS.GARANTIE,28490.0,53002.0,Automatik,10/2021,Benzin,135 kW (184 PS),"6,4 l/100 km (komb.)",146 g/km (komb.),CO₂-Klasse E (komb.),2021,184
81,BMW 320 i Limousine*HeadUp*Laser*Drive Assist*Komfortzugan,27990.0,34284.0,Automatik,07/2020,Benzin,135 kW (184 PS),- (l/100 km),- (g/km),,2020,184
82,"BMW 320 i M-Paket,LED-SW,Navigation,HiFi,Sitzheizung,",29950.0,63785.0,Automatik,12/2020,Benzin,135 kW (184 PS),"6,6 l/100 km (komb.)",151 g/km (komb.),CO₂-Klasse E (komb.),2020,184
83,BMW 320 320i Aut.,23500.0,41000.0,Automatik,05/2019,Benzin,135 kW (184 PS),"5,3 l/100 km (komb.)",- (g/km),,2019,184
84,BMW 320 i xDrive Luxury Line Head-Up LED Pano.Dach,23911.0,84750.0,Automatik,06/2020,Benzin,135 kW (184 PS),- (l/100 km),- (g/km),,2020,184
85,BMW 320 i Limousine HiFi SHZ PDC LED,27970.0,63194.0,Automatik,09/2020,Benzin,135 kW (184 PS),- (l/100 km),- (g/km),,2020,184
86,BMW 320 i M Sport AHK/LASER/HEADUP/KOMFORTZUG/MEMORY,32499.0,50000.0,Automatik,08/2020,Benzin,135 kW (184 PS),"5,3 l/100 km (komb.)",120 g/km (komb.),,2020,184
87,BMW 320 i A xDrive Sport-Line StdHzg AHK HUD ACC,30899.0,41318.0,Automatik,05/2021,Benzin,135 kW (184 PS),"6,9 l/100 km (komb.)",156 g/km (komb.),CO₂-Klasse F (komb.),2021,184
88,BMW 320 320i Touring Navi LED LC+ Panorama Shz,23480.0,78511.0,Automatik,10/2020,Benzin,135 kW (184 PS),- (l/100 km),- (g/km),,2020,184
89,BMW 320 320i Tour.Sport LED Sportsitze Har./Kard.PDC 17“,19990.0,91000.0,Schaltgetriebe,01/2019,Benzin,135 kW (184 PS),"6,6 l/100 km (komb.)",151 g/km (komb.),,2019,184
90,BMW 320 i Touring Sport Line 1H HUD LEDER LED H&K DAB,26999.0,79889.0,Automatik,03/2020,Benzin,135 kW (184 PS),"5,7 l/100 km (komb.)",130 g/km (komb.),,2020,184
91,BMW 320 i M Sport Kamera Laser HUD DAB HiFi Komfort,27500.0,76846.0,Automatik,02/2020,Benzin,135 kW (184 PS),- (l/100 km),- (g/km),,2020,184
92,BMW 320 i Touring Sport Line Komfortzg. Tempomat Shz,25890.0,54197.0,Automatik,01/2020,Benzin,135 kW (184 PS),- (l/100 km),- (g/km),,2020,184
93,BMW 320 i Tour. Sportline LED ACC LiCoPro SHZ Bluetooth,28990.0,50469.0,Automatik,11/2021,Benzin,135 kW (184 PS),- (l/100 km),- (g/km),,2021,184
94,BMW 320 i Touring Sport Line Navi/ACC/Virtual/LED,25900.0,75000.0,Automatik,08/2021,Benzin,135 kW (184 PS),- (l/100 km),- (g/km),,2021,184
95,BMW 320 i Sport Line*Live Cockpit*GSD*Leder*LED*LM18,26900.0,61544.0,Automatik,09/2019,Benzin,135 kW (184 PS),"5,5 l/100 km (komb.)",126 g/km (komb.),,2019,184
96,BMW 320 i Touring LED+/PANO/CAM/TEMPO/AMBI/K-ZUG/HiFi,26450.0,66979.0,Automatik,02/2020,Benzin,135 kW (184 PS),- (l/100 km),- (g/km),,2020,184
97,BMW 320 i Touring xDrive M Sport *LED*AHK*Leder*WLAN*,25680.0,51350.0,Automatik,01/2019,Benzin,135 kW (184 PS),- (l/100 km),0 g/km (komb.),,2019,184
98,BMW 320 i Limousine Advantage Navi LED AHK Lordose Navi LE,25910.0,14993.0,Automatik,02/2020,Benzin,135 kW (184 PS),"6,5 l/100 km (komb.)",148 g/km (komb.),CO₂-Klasse E (komb.),2020,184
99,"BMW 320 i M Sport 19"" Laser AHK HUD SHZ PA+ NAVI DAB",36790.0,40963.0,Automatik,01/2022,Benzin,135 kW (184 PS),- (l/100 km),- (g/km),,2022,184
100,BMW 320 iA Lim. Advantage LiveCock.Parkass.SHZ.Sports,26649.0,68664.0,Automatik,08/2021,Benzin,135 kW (184 PS),- (l/100 km),- (g/km),,2021,184
101,BMW 320 i Touring Advantage HiFi PDC SHZ LED,27880.0,38990.0,Automatik,08/2020,Benzin,135 kW (184 PS),- (l/100 km),- (g/km),,2020,184
102,BMW 320 i  touring Aut.Navi Tempo PDC SHZ,19790.0,95383.0,Automatik,04/2019,Benzin,135 kW (184 PS),- (l/100 km),- (g/km),,2019,184
103,BMW 320 320i Lim.xDrive Luxury Line AHK DAP LED GSD SH,27999.0,83980.0,Automatik,01/2020,Benzin,135 kW (184 PS),- (l/100 km),- (g/km),,2020,184
104,BMW 320 i A Limo M Sportpaket Navi Tempomat Sitzhzg HiFi S,30877.0,56866.0,Automatik,06/2021,Benzin,135 kW (184 PS),- (l/100 km),- (g/km),,2021,184
105,BMW 320 i Advantage Automatik DA PDC DAB SHZ NAVI,28880.0,42500.0,Automatik,10/2021,Benzin,135 kW (184 PS),- (l/100 km),- (g/km),,2021,184
106,"BMW 320 iA LIMO G20 ""SPORT LINE""/LC""PROF""/ESD/ACC/CAM",26900.0,64959.0,Automatik,12/2020,Benzin,135 kW (184 PS),"5,3 l/100 km (komb.)",120 g/km (komb.),,2020,184
107,BMW 320 i Aut.Adv.CockpitPRO AHK Sportsitze LED EU6d,27900.0,55336.0,Automatik,09/2021,Benzin,135 kW (184 PS),- (l/100 km),- (g/km),,2021,184
108,BMW 320 Baureihe 3 Lim. 320 i,27600.0,28364.0,Automatik,11/2020,Benzin,135 kW (184 PS),"5,3 l/100 km (komb.)",120 g/km (komb.),,2020,184
109,BMW 320 3er 320i Aut. Advantage + Navi + Tempomat,28999.0,35000.0,Automatik,04/2021,Benzin,135 kW (184 PS),"5,3 l/100 km (komb.)",- (g/km),,2021,184
110,BMW 320 3 Serie 320i High Executive,26300.0,87439.0,Automatik,05/2019,Benzin,135 kW (184 PS),"5,7 l/100 km (komb.)",129 g/km (komb.),CO₂-Klasse C (komb.),2019,184
111,BMW 320 i LIM*AUT*M SPORT*LC.PROF.*HIFI*LED*SITZ.HZG*,31412.0,61023.0,Automatik,07/2021,Benzin,135 kW (184 PS),- (l/100 km),- (g/km),,2021,184
112,BMW 320 T Aut. M Sport/PAKET+PANO+LASER+KAM+H&K+PROF,26650.0,86797.0,Automatik,09/2022,Benzin,115 kW (156 PS),"6,2 l/100 km (komb.)",140 g/km (komb.),,2022,156
113,BMW 320 iA Limousine Advantage Navi.LED.Rükamera.DAB,27879.0,42858.0,Automatik,03/2021,Benzin,135 kW (184 PS),- (l/100 km),- (g/km),,2021,184
114,BMW 320 i M Sportpaket HiFi LED Navi PDC Sitzhz Klima,37370.0,14130.0,Automatik,06/2024,Benzin,135 kW (184 PS),"7,3 l/100 km (komb.)",165 g/km (komb.),CO₂-Klasse F (komb.),2024,184
115,BMW 320 i x Advantage - LC PRO - LED - 360 ° -,27490.0,98200.0,Automatik,02/2020,Benzin,135 kW (184 PS),"5,9 l/100 km (komb.)",134 g/km (komb.),,2020,184
116,BMW 320 iA Touring Sport Line SHZ PDC DriveAss Laser,28949.0,54143.0,Automatik,06/2021,Benzin,135 kW (184 PS),- (l/100 km),- (g/km),,2021,184
117,BMW 320 iA Gran Turismo Sport Line NaviProf.HUD.LED.,26949.0,47326.0,Automatik,03/2020,Benzin,135 kW (184 PS),- (l/100 km),- (g/km),,2020,184
118,"BMW 320 iA Luxury Line - Glasdach,LED,LCProf,ACC,HiFi",28780.0,58515.0,Automatik,12/2020,Benzin,135 kW (184 PS),- (l/100 km),- (g/km),,2020,184
119,BMW 320 iA Lim. M Sportpaket DrivingAssist Standheiz,32430.0,45415.0,Automatik,05/2021,Benzin,135 kW (184 PS),"6,4 l/100 km (komb.)",146 g/km (komb.),CO₂-Klasse E (komb.),2021,184
120,BMW 320 i Touring M Sport Standh/Laser/360°/NaviProf,34830.0,63307.0,Automatik,03/2020,Benzin,135 kW (184 PS),"6,1 l/100 km (komb.)",138 g/km (komb.),,2020,184
121,"BMW 320 iA LivePlus,LED,Sportsi,AHK,Kamera,Tempo,SHZ",27450.0,71045.0,Automatik,05/2021,Benzin,135 kW (184 PS),- (l/100 km),- (g/km),,2021,184
122,BMW 320 i Limousine M Sport LED HIFI DAB SH Tempo,30440.0,48783.0,Automatik,12/2021,Benzin,135 kW (184 PS),- (l/100 km),- (g/km),,2021,184
123,BMW 320 i M Sport Automatik Navi Bluetooth PDC MP3,32490.0,67096.0,Automatik,12/2020,Benzin,135 kW (184 PS),"6,7 l/100 km (komb.)",151 g/km (komb.),CO₂-Klasse E (komb.),2020,184
124,"BMW 320 xDrive SPORT LINE HUD,KEYLESS,ACC,HARMAN/K.",29880.0,79724.0,Automatik,07/2020,Benzin,135 kW (184 PS),"6,7 l/100 km (komb.)",152 g/km (komb.),,2020,184
125,BMW 320 320i xDrive 2022 Model,30999.0,42000.0,Automatik,04/2022,Benzin,135 kW (184 PS),"5,9 l/100 km (komb.)",- (g/km),,2022,184
126,BMW 320 i  touring sport line Aut. el AHK Navi Live Teille,28490.0,68193.0,Automatik,09/2021,Benzin,135 kW (184 PS),- (l/100 km),- (g/km),,2021,184
127,BMW 320 i Limousine M Sport DAB Tempomat Klimaaut.,31990.0,45214.0,Automatik,10/2020,Benzin,135 kW (184 PS),- (l/100 km),- (g/km),,2020,184
128,BMW 320 iA M Sport LCPr Hifi HUD KAM Laser Temp MEMO,30750.0,42440.0,Automatik,06/2020,Benzin,135 kW (184 PS),- (l/100 km),- (g/km),,2020,184
129,BMW 320 i Tour. M Sport LiCock Hifi DAB ACC KAM Alarm,35750.0,15491.0,Automatik,07/2023,Benzin,135 kW (184 PS),- (l/100 km),- (g/km),,2023,184
130,BMW 320 i xDrive M Sport ad.LED|PAs+Kam|Sitzhz|elSitz,32220.0,55282.0,Automatik,04/2023,Benzin,135 kW (184 PS),- (l/100 km),- (g/km),,2023,184
131,BMW 320 iA Tour. Lux. AHK SpoSi LCPr Hifi KAM erw.LED,26440.0,72974.0,Automatik,06/2020,Benzin,135 kW (184 PS),- (l/100 km),- (g/km),,2020,184
132,"BMW 320 i Gran Turismo Navi,AdLED,Kam,HUD,Leder,Alu17",21490.0,92515.0,Automatik,08/2020,Benzin,135 kW (184 PS),"7,8 l/100 km (komb.)",177 g/km (komb.),CO₂-Klasse G (komb.),2020,184
133,BMW 320 i Gran Turismo M Sport / 2Jahre-BPS.GARANTIE,26490.0,67002.0,Automatik,07/2020,Benzin,135 kW (184 PS),- (l/100 km),- (g/km),,2020,184
134,BMW 320 i Tour. Aut. Adv  LED/NAVI+/DAB/SHZ/VIRTU/AHK,23250.0,99980.0,Automatik,04/2022,Benzin,135 kW (184 PS),- (l/100 km),- (g/km),,2022,184
135,BMW 320 320i xDrive Aut. Edition M Sport Shadow,33000.0,68000.0,Automatik,09/2020,Benzin,135 kW (184 PS),"5,0 l/100 km (komb.)",- (g/km),,2020,184
136,BMW 320 320i GT Aut. M Sport,25500.0,95000.0,Automatik,03/2019,Benzin,135 kW (184 PS),"6,2 l/100 km (komb.)",- (g/km),,2019,184
137,BMW 320 i Touring Sport Line Navi AHK LED RFK DA Klima,26490.0,66543.0,Automatik,05/2020,Benzin,135 kW (184 PS),- (l/100 km),- (g/km),,2020,184
138,"BMW 320 i T Luxury LivePro,LED,Pano,AHK,St+Go,Kamera",27790.0,66514.0,Automatik,06/2021,Benzin,135 kW (184 PS),"7,1 l/100 km (komb.)",161 g/km (komb.),CO₂-Klasse F (komb.),2021,184
139,BMW 320 i Touring M Sport RFK ACC HiFi QI adptLED HuD,32980.0,35100.0,Automatik,07/2023,Benzin,135 kW (184 PS),- (l/100 km),- (g/km),,2023,184
140,BMW 320 i A Touring M-Sport 19'' HUD Pano Navi Laser HiFi,31499.0,72400.0,Automatik,06/2021,Benzin,135 kW (184 PS),- (l/100 km),- (g/km),,2021,184
141,"BMW 320 e T xDrive M SPORT LIVECOCKPIT,LASER,HEADUP",30770.0,60000.0,Automatik,03/2021,Benzin,120 kW (163 PS),"1,5 l/100 km (komb.)",35 g/km (komb.),,2021,163
142,BMW 320 e Touring Advantage LED Alarmanlage,25900.0,57850.0,Automatik,09/2021,Benzin,120 kW (163 PS),- (l/100 km),- (g/km),,2021,163
143,BMW 320 i Touring,28790.0,43550.0,Automatik,02/2020,Benzin,135 kW (184 PS),- (l/100 km),- (g/km),,2020,184
144,BMW 320 iA xDrive LIMO~DEUTSCH+UNFALLFREI+STANDHZG~2,33700.0,43700.0,Automatik,10/2020,Benzin,135 kW (184 PS),- (l/100 km),154 g/km (komb.),CO₂-Klasse B (komb.),2020,184
145,"BMW 320 i Advantage Lenkradheizng,Sitzheizung",25470.0,41950.0,Automatik,07/2019,Benzin,135 kW (184 PS),- (l/100 km),- (g/km),,2019,184
146,"BMW 320 Gran Turismo i M SPORT DIG.TACHO,HUD,SHADOW",29840.0,49095.0,Automatik,07/2020,Benzin,135 kW (184 PS),"6,3 l/100 km (komb.)",143 g/km (komb.),,2020,184
147,BMW 320 i  Touring Luxury Line*LIVE COCKPIT*LED*NAVI,25890.0,93200.0,Automatik,08/2021,Benzin,135 kW (184 PS),"6,1 l/100 km (komb.)",140 g/km (komb.),,2021,184
148,"BMW 320 e T SAG M SPORT ACC,LASER,HIFI,MEMORY,1.HAND",28780.0,70000.0,Automatik,10/2021,Benzin,120 kW (163 PS),"1,4 l/100 km (komb.)",32 g/km (komb.),,2021,163
149,BMW 320 i xDrive Sport Line HiFi Glasdach Leder Kamera,28912.0,73250.0,Automatik,08/2020,Benzin,135 kW (184 PS),- (l/100 km),- (g/km),,2020,184
150,"BMW 320 iA GT NaviPro,AdLED,Tempo,H/K,AHK,PDCv+h,SHZ",25750.0,66445.0,Automatik,10/2020,Benzin,135 kW (184 PS),- (l/100 km),- (g/km),,2020,184
151,"BMW 320 e TOURING ///M-SPORTPAKET G21/LC""PROF""/CAM",27900.0,50700.0,Automatik,05/2021,Benzin,150 kW (204 PS),"1,7 l/100 km (komb.)",38 g/km (komb.),,2021,204
152,"BMW 320 i A Lim M Sport Laser AHK RFK HuD HiFi 17""LM",32640.0,62153.0,Automatik,09/2020,Benzin,135 kW (184 PS),"6,8 l/100 km (komb.)",154 g/km (komb.),CO₂-Klasse E (komb.),2020,184
153,BMW 320 i Luxury Line LED|CarPlay|Sitzheizung,29990.0,16490.0,Automatik,09/2020,Benzin,135 kW (184 PS),- (l/100 km),- (g/km),,2020,184
154,BMW 320 i A Limousine Navi Leder digitales Cockpit LED 3-Z,25499.0,73635.0,Automatik,12/2019,Benzin,135 kW (184 PS),- (l/100 km),- (g/km),,2019,184
155,BMW 320 i Advantage*BMW Live Cockpit*HUD*RFK*PDC*ACC,27700.0,53000.0,Automatik,05/2021,Benzin,135 kW (184 PS),"5,7 l/100 km (komb.)",130 g/km (komb.),,2021,184
156,BMW 320 i Advantage Automatik Aut. Klimaaut.,29440.0,11697.0,Automatik,11/2020,Benzin,135 kW (184 PS),"6,4 l/100 km (komb.)",146 g/km (komb.),CO₂-Klasse E (komb.),2020,184
157,BMW 320 i Limousine M Sport Navi.Hifi.ParkA.Tempo.SH,31440.0,65916.0,Automatik,06/2021,Benzin,135 kW (184 PS),- (l/100 km),- (g/km),,2021,184
158,BMW 320 i Touring M Sport || AHK el.Sitze Kamera,30880.0,49221.0,Automatik,02/2020,Benzin,135 kW (184 PS),- (l/100 km),- (g/km),,2020,184
159,BMW 320 i Lim. Aut. M Sport +LED+Navi+AHK+Kamera+DAB,37790.0,10500.0,Automatik,09/2024,Benzin,135 kW (184 PS),"7,3 l/100 km (komb.)",165 g/km (komb.),CO₂-Klasse F (komb.),2024,184
160,BMW 320 i M Sport HUD AHK Navi Leder el. Sitze Hifi,28777.0,75099.0,Automatik,07/2020,Benzin,135 kW (184 PS),- (l/100 km),- (g/km),,2020,184
161,BMW 320 i M Sportpaket AHK LED RfKamera Navi Sitzhzg.,33330.0,57825.0,Automatik,08/2021,Benzin,135 kW (184 PS),"6,5 l/100 km (komb.)",147 g/km (komb.),CO₂-Klasse E (komb.),2021,184
162,BMW 320 i *M-SPORT ALU*LED*LIVE COCK.*99TKM*GEPFLEGT,26800.0,99850.0,Automatik,05/2021,Benzin,135 kW (184 PS),"5,3 l/100 km (komb.)",120 g/km (komb.),,2021,184
163,BMW 320 i AT M Sportpaket Widescreen LED ACC HuD HiFi,34640.0,24100.0,Automatik,07/2023,Benzin,135 kW (184 PS),"7,1 l/100 km (komb.)",159 g/km (komb.),CO₂-Klasse F (komb.),2023,184
164,BMW 320 i xDrive M Sport LED+HiFi+Shz+Shadow+Park-Assist.,29990.0,87426.0,Automatik,12/2019,Benzin,135 kW (184 PS),- (l/100 km),- (g/km),,2019,184
165,"BMW 320 Gran Turismo i LUXURY LINE MEMORY,360GRAD,SH",25880.0,56368.0,Automatik,10/2019,Benzin,135 kW (184 PS),"6,3 l/100 km (komb.)",143 g/km (komb.),,2019,184
166,BMW 320 i Touring M-Sport KAMERA NAVI ACC LED,37890.0,11800.0,Automatik,03/2024,Benzin,135 kW (184 PS),- (l/100 km),- (g/km),,2024,184
167,"BMW 320 iA T. Luxury LivePro,Pano,LED,St+Go,Hifi,SHZ",28250.0,62410.0,Automatik,01/2021,Benzin,135 kW (184 PS),- (l/100 km),- (g/km),,2021,184
168,BMW 320 i Lim Sport Line LivePro CarPlay Kamera LM SH,30775.0,45252.0,Automatik,07/2021,Benzin,135 kW (184 PS),- (l/100 km),- (g/km),,2021,184
169,BMW 320 i Limousine*HeadUp*Laser*Drive Assist*Komfortzugan,27990.0,34284.0,Automatik,07/2020,Benzin,135 kW (184 PS),- (l/100 km),- (g/km),,2020,184
170,BMW 320 3 Lim. 320 i M Sport/Driv.Ass/Pa.Ass/Head-Up,28900.0,90862.0,Automatik,06/2020,Benzin,135 kW (184 PS),"5,7 l/100 km (komb.)",130 g/km (komb.),,2020,184
171,BMW 320 i Touring Sport Line Navi/ACC/Virtual/LED,28450.0,64000.0,Automatik,01/2022,Benzin,135 kW (184 PS),- (l/100 km),- (g/km),,2022,184
172,BMW 320 i Touring M Sport Aut/AHK/Laser/HeadUp,33940.0,37224.0,Automatik,09/2021,Benzin,135 kW (184 PS),- (l/100 km),- (g/km),,2021,184
173,"BMW 320 iAT M-SPORT LC.PRO LASER ACC DR.AS KAMERA 19""",33980.0,69500.0,- Getriebe,03/2021,Benzin,135 kW (184 PS),"5,7 l/100 km (komb.)",130 g/km (komb.),,2021,184
174,BMW 320 i Tour. M-Sport AHK DA PA HUD Laser E-Sitze HiF,27990.0,77132.0,Automatik,02/2020,Benzin,135 kW (184 PS),- (l/100 km),- (g/km),,2020,184
175,BMW 320 i Touring Luxury Line Auto Aut. Panorama HIFI,28550.0,64896.0,Automatik,01/2021,Benzin,135 kW (184 PS),- (l/100 km),- (g/km),,2021,184
176,"BMW 320 320 i Sport Line wenig Kilometer,Top Austattung",28500.0,55000.0,Automatik,01/2020,Benzin,135 kW (184 PS),"6,1 l/100 km (komb.)",138 g/km (komb.),,2020,184
177,BMW 320 i Touring AUT/AHK/NAV/LED-Licht/PDC,26550.0,72971.0,Automatik,07/2020,Benzin,135 kW (184 PS),"5,8 l/100 km (komb.)",133 g/km (komb.),,2020,184
178,BMW 320 320i Touring Sport Line Live Cockp. Pro Garantie,31200.0,42800.0,Automatik,02/2022,Benzin,135 kW (184 PS),"5,7 l/100 km (komb.)",- (g/km),,2022,184
179,BMW 320 i M Sport*ACC*HIFI*R-KAMERA*SHZ*18 ZOLL*DAB+*,37880.0,6000.0,Automatik,06/2024,Benzin,135 kW (184 PS),- (l/100 km),- (g/km),,2024,184
180,"BMW 320 i M SPORT Stop+Go,LED,LivePlus,Hifi,Kamera Navi",37750.0,8732.0,Automatik,07/2024,Benzin,135 kW (184 PS),"8,0 l/100 km (komb.)",105 g/km (komb.),CO₂-Klasse C (komb.),2024,184
181,BMW 320 i M Sport Laser Komf HUD DA LivCocProf DAB,32840.0,47009.0,Automatik,10/2021,Benzin,135 kW (184 PS),- (l/100 km),- (g/km),,2021,184
182,BMW 320 i Touring M-Sport LiveCockpit Apple CP Hifi,33290.0,52230.0,Automatik,01/2022,Benzin,135 kW (184 PS),- (l/100 km),- (g/km),,2022,184
183,BMW 320 i Limousine Sport Line LC Prof/ HiFi/ BP Prof,27812.0,68100.0,Automatik,01/2020,Benzin,135 kW (184 PS),- (l/100 km),- (g/km),,2020,184
184,BMW 320 i Touring LED SpurAss AHK HiFi Sportsitz AUT,30455.0,42005.0,Automatik,02/2022,Benzin,135 kW (184 PS),"6,6 l/100 km (komb.)",151 g/km (komb.),CO₂-Klasse E (komb.),2022,184
185,BMW 320 i*LCProf*HUD*SPORT LINE*KAMERA*LED,28498.0,56300.0,Automatik,05/2021,Benzin,135 kW (184 PS),"5,7 l/100 km (komb.)",130 g/km (komb.),,2021,184
186,"BMW 320 i A Touring LCplus,SHZ,DAB,Temp,Hifi,17""",24349.0,84046.0,Automatik,12/2020,Benzin,135 kW (184 PS),"6,7 l/100 km (komb.)",151 g/km (komb.),CO₂-Klasse E (komb.),2020,184
187,BMW 320 3er+Touring+320i+Touring+Aut.+Sport+Line,26900.0,94200.0,Automatik,02/2020,Benzin,135 kW (184 PS),"5,7 l/100 km (komb.)",- (g/km),,2020,184
188,BMW 320 i Touring *M Sport*AHK*Panorama*Kamera*HUD*,33999.0,56500.0,Automatik,09/2021,Benzin,135 kW (184 PS),"6,1 l/100 km (komb.)",140 g/km (komb.),,2021,184
189,BMW 320 Touring 320i Sport Line Leder LED PDC Autom.,24900.0,39400.0,Automatik,01/2019,Benzin,135 kW (184 PS),"6,1 l/100 km (komb.)",140 g/km (komb.),,2019,184
190,BMW 320 i xDrive Lim. Luxury Line*TEMP*LEDER*360°*,30990.0,58897.0,Automatik,08/2021,Benzin,135 kW (184 PS),"5,9 l/100 km (komb.)",135 g/km (komb.),,2021,184
191,"BMW 320 i Tour. Sport Line, LED-SW, Live Cockpit Plus",27850.0,56148.0,Automatik,01/2021,Benzin,135 kW (184 PS),"6,7 l/100 km (komb.)",153 g/km (komb.),CO₂-Klasse E (komb.),2021,184
192,BMW 320 i Tour. M Sport ACC HiFi QI KZU RFK adapt-LED,32990.0,40800.0,Automatik,08/2023,Benzin,135 kW (184 PS),- (l/100 km),- (g/km),,2023,184
193,BMW 320 3er 320i Aut.,33900.0,12500.0,Automatik,06/2023,Benzin,135 kW (184 PS),"5,3 l/100 km (komb.)",- (g/km),,2023,184
194,BMW 320 i M Sport LED PA+ DA HiFi GsD DAB,34240.0,49990.0,Automatik,07/2021,Benzin,135 kW (184 PS),- (l/100 km),- (g/km),,2021,184
195,BMW 320 i Gran Turismo AdaptLED Kamera Bluetooth Navi,22290.0,93000.0,Automatik,05/2019,Benzin,135 kW (184 PS),- (l/100 km),- (g/km),,2019,184
196,BMW 320 i Advantage/Blue/DAB/Temp/Sitz/HeadUp/LED,27890.0,37900.0,Automatik,02/2020,Benzin,135 kW (184 PS),"5,7 l/100 km (komb.)",130 g/km (komb.),,2020,184
197,BMW 320 i TOURING M SPORT PANO LASER AKUSTIK HUD HIFI HK,33890.0,53100.0,Automatik,03/2020,Benzin,135 kW (184 PS),- (l/100 km),- (g/km),,2020,184
198,BMW 320 i Advantage *MIT 2 JAHRE GARANTIE !!!*,23980.0,51000.0,Automatik,07/2019,Benzin,135 kW (184 PS),"5,5 l/100 km (komb.)",126 g/km (komb.),,2019,184
199,BMW 320 i Limousine M Sport*Keyless*DAB*HiFi*ACC*,38790.0,39490.0,Automatik,11/2023,Benzin,135 kW (184 PS),"7,2 l/100 km (komb.)",162 g/km (komb.),CO₂-Klasse F (komb.),2023,184
200,"BMW 320 iA T M SPORT LivePro,Laser,Leder,AHK,HUD,Kam",28450.0,78949.0,Automatik,02/2020,Benzin,135 kW (184 PS),- (l/100 km),- (g/km),,2020,184
201,BMW 320 320i GT Aut. M Sport,36000.0,7500.0,Automatik,10/2023,Benzin,135 kW (184 PS),"6,2 l/100 km (komb.)",- (g/km),,2023,184
202,BMW 320 Verlängerte Werksgarantie bis 2027,28600.0,75000.0,Automatik,01/2021,Benzin,135 kW (184 PS),- (l/100 km),- (g/km),,2021,184
203,BMW 320 i Touring Sport Line Auto Aut. Klimaaut. AHK,29740.0,66843.0,Automatik,12/2020,Benzin,135 kW (184 PS),"6,8 l/100 km (komb.)",154 g/km (komb.),CO₂-Klasse E (komb.),2020,184
204,BMW 320 i SP-AUTOM SPORT-LINE LC-PROF SD ACC KAMERA,31800.0,40000.0,Automatik,11/2020,Benzin,135 kW (184 PS),"5,5 l/100 km (komb.)",126 g/km (komb.),,2020,184
205,BMW 320 i xDrive Limousine Sport Line HiFi Sportsitze,30900.0,29600.0,Automatik,11/2020,Benzin,135 kW (184 PS),- (l/100 km),- (g/km),,2020,184
206,BMW 320 Baureihe 3 Touring 320i Advantage*LED*NAVI*SHZ*,21699.0,88850.0,Automatik,02/2019,Benzin,135 kW (184 PS),"6,1 l/100 km (komb.)",140 g/km (komb.),,2019,184
207,BMW 320 i M Sport AHK/MEMORY/ACC/HUD/ADAPTIVLED/RFK,41999.0,8000.0,Automatik,05/2024,Benzin,135 kW (184 PS),"7,2 l/100 km (komb.)","161,5 g/km (komb.)",CO₂-Klasse F (komb.),2024,184
208,BMW 320 320i Touring Aut. M Sport Navi HuD Alarm SHZ,25790.0,99443.0,Automatik,09/2020,Benzin,135 kW (184 PS),"5,7 l/100 km (komb.)",130 g/km (komb.),,2020,184
209,"BMW 320 320i Touring Aut.""M-SPORT PAKET""HEAD-UP""PANORAMA""",33900.0,17800.0,Automatik,08/2023,Benzin,135 kW (184 PS),- (l/100 km),- (g/km),,2023,184
210,BMW 320 i Limousine Advantage Navi HUD LED SHZ PDC,27348.0,89637.0,Automatik,04/2021,Benzin,135 kW (184 PS),- (l/100 km),- (g/km),,2021,184
211,BMW 320 i Gran Turismo xDrive Luxury Line A. Aut. AHK,24840.0,82493.0,Automatik,08/2019,Benzin,135 kW (184 PS),- (l/100 km),- (g/km),,2019,184
212,BMW 320 i Touring Sport Line*Navi*LED*Pano*Kamera*SHZ*PDC*,25990.0,59919.0,Automatik,07/2019,Benzin,135 kW (184 PS),"8,3 l/100 km (komb.)",189 g/km (komb.),CO₂-Klasse G (komb.),2019,184
213,BMW 320 iA Lim. Luxury Line Navi.LED.HuD.Harm&Kard,28379.0,70944.0,Automatik,07/2020,Benzin,135 kW (184 PS),- (l/100 km),- (g/km),,2020,184
214,"BMW 320 iA T Luxury LivePro,LED,Leder,Pano,St+Go,Kam",26850.0,84673.0,Automatik,01/2021,Benzin,135 kW (184 PS),- (l/100 km),- (g/km),,2021,184
215,BMW 320 Luxury Line HUD DAB Kamera Leder Sportsitz,29999.0,42408.0,Automatik,09/2020,Benzin,135 kW (184 PS),- (l/100 km),155 g/km (komb.),CO₂-Klasse A (komb.),2020,184
216,BMW 320 i xDrive M Sport LED RFK AHK Ambiente Curved,35970.0,72700.0,Automatik,11/2022,Benzin,135 kW (184 PS),- (l/100 km),- (g/km),,2022,184
217,BMW 320 i Tour M Sport LivePro HuD HiFi ACC AHK SH,30325.0,78049.0,Automatik,09/2021,Benzin,135 kW (184 PS),- (l/100 km),- (g/km),,2021,184
218,"BMW 320 i M SPORT LivePro,AdapLED,HUD,Kam,Glasdach Navi",34490.0,51373.0,Automatik,03/2023,Benzin,135 kW (184 PS),"6,7 l/100 km (komb.)",152 g/km (komb.),CO₂-Klasse E (komb.),2023,184
219,BMW 320 i M Sport+LED+ACC+Kamera+3-Zonen+SZH+Navi+APP+,39999.0,4980.0,Automatik,02/2023,Benzin,135 kW (184 PS),"6,4 l/100 km (komb.)",145 g/km (komb.),CO₂-Klasse E (komb.),2023,184
220,BMW 320 Luxury Line HUD DAB Kamera Leder Sportsitz,29999.0,42408.0,Automatik,09/2020,Benzin,135 kW (184 PS),- (l/100 km),155 g/km (komb.),CO₂-Klasse A (komb.),2020,184
221,BMW 320 i AT M Sportpaket LED ACC Widescreen HuD HiFi,34340.0,25400.0,Automatik,06/2023,Benzin,135 kW (184 PS),"6,9 l/100 km (komb.)",159 g/km (komb.),CO₂-Klasse F (komb.),2023,184
222,BMW 320 320i xDrive Aut. Sport Line Laser HuD GD Sthzg,29390.0,79795.0,Automatik,03/2020,Benzin,135 kW (184 PS),"5,9 l/100 km (komb.)",135 g/km (komb.),,2020,184
223,BMW 320 i Touring Automatik EU6d LED Pano Navi Leder,30950.0,35000.0,Automatik,02/2021,Benzin,135 kW (184 PS),- (l/100 km),- (g/km),,2021,184
224,BMW 320 320i Sport Line Aut.*TEMPO*NAVI*PDC*SHZ*ALU*,27580.0,54335.0,Automatik,01/2021,Benzin,135 kW (184 PS),"6,1 l/100 km (komb.)",153 g/km (komb.),,2021,184
225,BMW 320 i Limousine M Sport Memory/Tempomat/DAB/SHZ   Memo,32940.0,32507.0,Automatik,10/2021,Benzin,135 kW (184 PS),"6,4 l/100 km (komb.)",146 g/km (komb.),CO₂-Klasse E (komb.),2021,184
226,BMW 320 i Touring Advantage Sitzheizung/DAB/Tempomat,27770.0,57473.0,Automatik,12/2021,Benzin,135 kW (184 PS),"6,6 l/100 km (komb.)",151 g/km (komb.),CO₂-Klasse E (komb.),2021,184
227,BMW 320 320 3Lim.320i*CARPLAY/NAVI/SHZ/LANE-ASSIST/PDC*,26750.0,54000.0,Automatik,06/2019,Benzin,135 kW (184 PS),"5,5 l/100 km (komb.)",126 g/km (komb.),,2019,184
228,"BMW 320 iA Touring LivePro,Laser,AHK,St+Go,SHZ,PDC Navi",28450.0,65211.0,Automatik,09/2022,Benzin,135 kW (184 PS),- (l/100 km),- (g/km),,2022,184
229,BMW 320 i AT M Sportpaket LED Widescreen HuD ACC HiFi,34140.0,34000.0,Automatik,04/2023,Benzin,135 kW (184 PS),"7,5 l/100 km (komb.)",169 g/km (komb.),CO₂-Klasse F (komb.),2023,184
230,BMW 320 i Limousine Luxury Line + 2Jahre-BPS.GARANTIE,27790.0,73002.0,Automatik,01/2020,Benzin,135 kW (184 PS),- (l/100 km),- (g/km),,2020,184
231,"BMW 320 i Sport Line Navi ACC Kamera GSD 18"" HiFi LED",30490.0,43556.0,Automatik,04/2021,Benzin,135 kW (184 PS),- (l/100 km),- (g/km),,2021,184
232,"BMW 320 i M Sport/ACC/AHK/HiFi/LED/RFK/Spur/Tot/19""",31990.0,48500.0,Automatik,02/2020,Benzin,135 kW (184 PS),"5,8 l/100 km (komb.)",138 g/km (komb.),,2020,184
233,BMW 320 i xDrive M Sportpaket DAB LED WLAN Tempomat,36985.0,64997.0,Automatik,11/2021,Benzin,135 kW (184 PS),- (l/100 km),- (g/km),,2021,184
234,"BMW 320 i Touring Steptronic ""Modell Sport Line""",27000.0,100000.0,Automatik,05/2021,Benzin,135 kW (184 PS),"6,0 l/100 km (komb.)",137 g/km (komb.),,2021,184
235,BMW 320 i Tour  M Sport ACC HuD HiFi KZU QI RFK a.LED,33380.0,26000.0,Automatik,06/2023,Benzin,135 kW (184 PS),- (l/100 km),- (g/km),,2023,184
236,BMW 320 320i GT Sport Line Aut.*NAVI*LED*TEMPO*HUD*CAM*,25160.0,75287.0,Automatik,10/2019,Benzin,135 kW (184 PS),"6,3 l/100 km (komb.)",184 g/km (komb.),,2019,184
237,BMW 320 i Automatik M Sportpaket HiFi Navi LED RfKam.,36760.0,16991.0,Automatik,06/2024,Benzin,135 kW (184 PS),"7,0 l/100 km (komb.)",148 g/km (komb.),CO₂-Klasse E (komb.),2024,184
238,BMW 320 i TOUR.ADVANTAGE 1H*NAVI*LED*PDC*SHZ*EL.HECKKL*TEM,22488.0,66555.0,Schaltgetriebe,11/2019,Benzin,135 kW (184 PS),"6,6 l/100 km (komb.)",151 g/km (komb.),,2019,184
239,BMW 320 i M Sport HEADUP/ADAPTIVLED/PANO/HIFI/PARKASS,39999.0,15600.0,Automatik,02/2024,Benzin,135 kW (184 PS),"7,2 l/100 km (komb.)",161 g/km (komb.),,2024,184
240,BMW 320 i M Sport Kamera*DAB*Laser*ACC*Leder*HUD,34980.0,22900.0,Automatik,07/2023,Benzin,135 kW (184 PS),- (l/100 km),- (g/km),,2023,184
241,BMW 320 320 i M Sport-Paket/Restgarantie Bmw,33490.0,20000.0,Automatik,08/2022,Benzin,135 kW (184 PS),"5,3 l/100 km (komb.)",120 g/km (komb.),,2022,184
242,BMW 320 i  touring sport line Aut. Navi el. AHK PDC  LED,28490.0,69944.0,Automatik,06/2021,Benzin,135 kW (184 PS),- (l/100 km),- (g/km),,2021,184
243,BMW 320 i Touring Luxury Line Auto Aut. Panorama AHK,29840.0,64313.0,Automatik,05/2020,Benzin,135 kW (184 PS),- (l/100 km),- (g/km),,2020,184
244,BMW 320 i Touring Sport Line Head-Up HiFi DAB Alarm,32990.0,26682.0,Automatik,08/2021,Benzin,135 kW (184 PS),- (l/100 km),- (g/km),,2021,184
245,BMW 320 i Tour M Sport KZU RFK HiFI QI ACC adapt. LED,33390.0,40000.0,Automatik,06/2023,Benzin,135 kW (184 PS),- (l/100 km),- (g/km),,2023,184
246,BMW 320 i Touring Advantage Laser AHK StdHz HuD KoZg,26770.0,94900.0,Automatik,10/2021,Benzin,135 kW (184 PS),- (l/100 km),151 g/km (komb.),CO₂-Klasse A (komb.),2021,184
247,BMW 320 i Touring M Sport Head-Up HiFi DAB WLAN RFK,28690.0,92150.0,Automatik,05/2020,Benzin,135 kW (184 PS),- (l/100 km),- (g/km),,2020,184
248,BMW 320 i*///M-PAKET*TÜV+SERVICE-NEU*1.HAND*SCHECKHEF,31950.0,100000.0,Automatik,11/2020,Benzin,135 kW (184 PS),"5,5 l/100 km (komb.)",126 g/km (komb.),,2020,184
249,BMW 320 iA xDrive Lim. Advantage LiveCockp.PDC.Tempo,29979.0,22014.0,Automatik,09/2021,Benzin,135 kW (184 PS),- (l/100 km),- (g/km),,2021,184
250,BMW 320 iA M-Sport Laser HUD HiFi RFK DWA Sportpaket,33333.0,29723.0,Automatik,07/2020,Benzin,135 kW (184 PS),- (l/100 km),- (g/km),,2020,184
251,BMW 320 i Limo M Sport Widescreen Stop&Go Kamera HiFi,37750.0,10286.0,Automatik,06/2024,Benzin,135 kW (184 PS),"8,0 l/100 km (komb.)",105 g/km (komb.),CO₂-Klasse C (komb.),2024,184
252,BMW 320 i Touring Sport Line AHK/LED/DAB/Shz AHK/LED/DAB/S,31540.0,33192.0,Automatik,12/2021,Benzin,135 kW (184 PS),- (l/100 km),- (g/km),,2021,184
253,BMW 320 i Limousine Advantage HiFi LED Komfortzg.,24800.0,85825.0,Automatik,10/2019,Benzin,135 kW (184 PS),- (l/100 km),- (g/km),,2019,184
254,"BMW 320 i Touring / NP= 59.010,- / NP= 59.010,- / LED",36450.0,16808.0,Automatik,03/2024,Benzin,135 kW (184 PS),"6,9 l/100 km (komb.)",155 g/km (komb.),CO₂-Klasse E (komb.),2024,184
255,BMW 320 320i Sport+ M Shadow HUD eSitze Standhz Leder,34980.0,29000.0,Automatik,09/2023,Benzin,135 kW (184 PS),"6,8 l/100 km (komb.)",153 g/km (komb.),CO₂-Klasse E (komb.),2023,184
256,BMW 320 iA M Sport/Navi/Laser/SD/Leder/SH/HUD/AHK,35900.0,54000.0,Automatik,01/2022,Benzin,135 kW (184 PS),"5,3 l/100 km (komb.)",120 g/km (komb.),CO₂-Klasse A (komb.),2022,184
257,BMW 320 i Touring Advantage PDC DAB+ SHZ LiveCockp+ LED,29500.0,20548.0,Automatik,01/2021,Benzin,135 kW (184 PS),- (l/100 km),- (g/km),,2021,184
258,BMW 320 i Limousine*Schiebedach*HiFi*LED*DAB*RFK*,28850.0,77164.0,Automatik,01/2021,Benzin,135 kW (184 PS),- (l/100 km),- (g/km),,2021,184
259,BMW 320 i Touring M-Sport ACC+KAM+LED+NAVI+SHZ,33950.0,20740.0,Automatik,06/2023,Benzin,135 kW (184 PS),- (l/100 km),- (g/km),,2023,184
260,"BMW 320 Advantage Touring, Live Cockpit, LED, Navi, SH, PD",26990.0,82347.0,Automatik,04/2022,Benzin,135 kW (184 PS),- (l/100 km),- (g/km),,2022,184
261,BMW 320 320i Touring HeadUP Widesreen RFK AHK e-Sitze,34980.0,6200.0,Automatik,08/2023,Benzin,135 kW (184 PS),"6,7 l/100 km (komb.)",153 g/km (komb.),CO₂-Klasse E (komb.),2023,184
262,BMW 320 iA Limousine Navi HarmanKardon PDC DAB Alarm,30880.0,13240.0,Automatik,09/2020,Benzin,135 kW (184 PS),- (l/100 km),146 g/km (komb.),CO₂-Klasse E (komb.),2020,184
263,BMW 320 i Touring Sport Line Head-Up HiFi DAB Alarm,32990.0,26682.0,Automatik,08/2021,Benzin,135 kW (184 PS),- (l/100 km),- (g/km),,2021,184
264,BMW 320 i Touring M Sport HUD Curved KeyGo LED 5900km,38990.0,5900.0,Automatik,12/2022,Benzin,135 kW (184 PS),- (l/100 km),- (g/km),,2022,184
265,BMW 320 i xDrive M-Sport Sommer18'' SportLenk Hifi ACC,39480.0,7171.0,Automatik,06/2024,Benzin,135 kW (184 PS),"7,6 l/100 km (komb.)",171 g/km (komb.),CO₂-Klasse F (komb.),2024,184
266,BMW 320 i Touring Advantage HUD Kamera DriveAss. LCProf,26480.0,79325.0,Automatik,10/2021,Benzin,135 kW (184 PS),- (l/100 km),- (g/km),,2021,184
267,BMW 320 i Touring Advantage HUD PDC LCProf Sitzhz Nav,27995.0,32800.0,Automatik,08/2021,Benzin,135 kW (184 PS),- (l/100 km),- (g/km),,2021,184
268,"BMW 320 i touring+M SPORTPAKET+LEASING AB 349,- EURO o. AN",39789.0,13434.0,Automatik,03/2024,Benzin,135 kW (184 PS),- (l/100 km),- (g/km),,2024,184
269,BMW 320 i M Sport LED+Head-Up+Pano+Shz+HiFi+Klima,38765.0,9985.0,Automatik,12/2023,Benzin,135 kW (184 PS),- (l/100 km),- (g/km),,2023,184
270,BMW 320 i SPORT LINE+LASER+HiFi+HuD+DA+PA PLUS,32550.0,50625.0,Automatik,09/2021,Benzin,135 kW (184 PS),- (l/100 km),- (g/km),,2021,184
271,BMW 320 Gran Turismo Advantage AUTOMATIK NAV LED EL.HECKKL,23980.0,78688.0,Automatik,12/2019,Benzin,135 kW (184 PS),- (l/100 km),- (g/km),,2019,184
272,BMW 320 i M Sport Automatik Innovationsp. Sport Aut.,33840.0,50283.0,Automatik,12/2020,Benzin,135 kW (184 PS),- (l/100 km),- (g/km),,2020,184
273,"BMW 320 i A Tou M Sport LC+ LED RFK PDC ACC HiFi 18""",38999.0,12310.0,Automatik,06/2024,Benzin,133 kW (181 PS),"6,8 l/100 km (komb.)",153 g/km (komb.),CO₂-Klasse E (komb.),2024,181
274,BMW 320 320 i Luxury Line,32000.0,89000.0,Automatik,12/2019,Benzin,135 kW (184 PS),"5,5 l/100 km (komb.)",126 g/km (komb.),,2019,184
275,BMW 320 320i Lim. Advantage LivePro ACC ParkingAssist,27750.0,70000.0,Automatik,12/2019,Benzin,135 kW (184 PS),"6,6 l/100 km (komb.)",- (g/km),,2019,184
276,BMW 320 i Touring Sport Line Pano Standhzg. H&K LHZ,32990.0,47200.0,Automatik,08/2020,Benzin,135 kW (184 PS),"5,7 l/100 km (komb.)",130 g/km (komb.),CO₂-Klasse D (komb.),2020,184
277,BMW 320 320i G20 M3 Look Sport Aut.,38250.0,59000.0,Automatik,07/2019,Benzin,135 kW (184 PS),"7,0 l/100 km (komb.)",- (g/km),,2019,184
278,BMW 320 i M Sport AHK+LED+Shadow+HiFi+PDC,33900.0,37650.0,Automatik,12/2021,Benzin,135 kW (184 PS),- (l/100 km),- (g/km),,2021,184
279,BMW 320 i Touring (2018 - 2022) Advantage HiFi DAB,28900.0,58369.0,Automatik,03/2021,Benzin,135 kW (184 PS),- (l/100 km),- (g/km),,2021,184
280,BMW 320 i Tou M-Sport Navi dig Cockpit HIFI Ambiente LEDER,28266.0,91836.0,Automatik,01/2021,Benzin,135 kW (184 PS),- (l/100 km),- (g/km),,2021,184
281,BMW 320 i Tour.  LED/HUD/LiveCoPro/RFK/Dr.Assist/Memo,35999.0,15500.0,Automatik,05/2023,Benzin,135 kW (184 PS),"7,1 l/100 km (komb.)",160 g/km (komb.),CO₂-Klasse F (komb.),2023,184
282,BMW 320 320 i Sport Line Automatik NAVI+LED+SHZ+RFK+ BC,26960.0,42000.0,Automatik,07/2019,Benzin,135 kW (184 PS),"5,5 l/100 km (komb.)",126 g/km (komb.),,2019,184
283,BMW 320 i xDrive M Sport Automatik Innovationsp. AHK,38440.0,34549.0,Automatik,03/2021,Benzin,135 kW (184 PS),"7,1 l/100 km (komb.)",162 g/km (komb.),CO₂-Klasse F (komb.),2021,184
284,BMW 320 320i xDrive Aut. M Sport,34500.0,48000.0,Automatik,09/2022,Benzin,135 kW (184 PS),"5,9 l/100 km (komb.)",- (g/km),,2022,184
285,BMW 320 i M Sport HUD/ACC/LEDER/SHADOW LINE,36900.0,28100.0,Automatik,05/2023,Benzin,135 kW (184 PS),"7,2 l/100 km (komb.)",159 g/km (komb.),,2023,184
286,BMW 320 i M Sport LED/HUD/Shadow Line /LCI/LEDER,36900.0,30000.0,Automatik,07/2023,Benzin,135 kW (184 PS),"7,1 l/100 km (komb.)",160 g/km (komb.),CO₂-Klasse F (komb.),2023,184
287,BMW 320 Sport Line Memory HUD 360° DAB Individual,29999.0,85986.0,Automatik,05/2021,Benzin,135 kW (184 PS),- (l/100 km),152 g/km (komb.),CO₂-Klasse A (komb.),2021,184
288,BMW 320 i Touring M Sport HUD PDC  RFK Memory HiFi LED,34850.0,33000.0,Automatik,05/2023,Benzin,135 kW (184 PS),- (l/100 km),- (g/km),,2023,184
289,BMW 320 i xDrive Luxury Line 360°LASER+LED+HUD+eGS,37950.0,14615.0,Automatik,10/2021,Benzin,135 kW (184 PS),- (l/100 km),- (g/km),,2021,184
290,BMW 320 i Touring M-Sport ABSTANDST. MEMORY HEAD-UP,32980.0,41610.0,Automatik,06/2023,Benzin,135 kW (184 PS),- (l/100 km),- (g/km),,2023,184
291,BMW 320 i Touring M Sport ACC SHZ HiFi QI KZU RFK LED,32990.0,32000.0,Automatik,06/2023,Benzin,135 kW (184 PS),- (l/100 km),- (g/km),,2023,184
292,BMW 320 320i Aut. M Sport,41999.0,19000.0,Automatik,09/2020,Benzin,135 kW (184 PS),"6,6 l/100 km (komb.)",- (g/km),,2020,184
293,BMW 320 i Touring Advantage Automatik EU6d Navi LED PDCv+h,29950.0,45000.0,Automatik,04/2022,Benzin,135 kW (184 PS),- (l/100 km),- (g/km),,2022,184
294,BMW 320 320i Aut. M Sport,33900.0,56000.0,Automatik,02/2022,Benzin,135 kW (184 PS),"5,9 l/100 km (komb.)",135 g/km (komb.),,2022,184
295,BMW 320 i Touring Advantage Auto Innovationsp. Aut.,30500.0,62356.0,Automatik,10/2021,Benzin,135 kW (184 PS),"6,7 l/100 km (komb.)",151 g/km (komb.),CO₂-Klasse E (komb.),2021,184
296,BMW 320 i Tour M Sportpak AdLED°ACC°Headup°HIFI°eSit,35400.0,23860.0,Automatik,07/2023,Benzin,135 kW (184 PS),- (l/100 km),- (g/km),,2023,184
297,BMW 320 i xDrive Sport Line/ Sportsitze/Navi/LC Plus,29900.0,44000.0,Automatik,10/2019,Benzin,135 kW (184 PS),"6,3 l/100 km (komb.)",143 g/km (komb.),,2019,184
298,BMW 320 i Touring M Sport ACC|HUD|Memory|Garantie|CAM,36500.0,42500.0,Automatik,06/2023,Benzin,135 kW (184 PS),- (l/100 km),159 g/km (komb.),CO₂-Klasse F (komb.),2023,184
299,BMW 320 i Advantage*LED*Live Cockpit*Navi*Klimaauto*,26999.0,54400.0,Automatik,10/2020,Benzin,135 kW (184 PS),"5,3 l/100 km (komb.)",120 g/km (komb.),,2020,184
300,BMW 320 i Touring Aut.~HEAD-UP~PANO~LED~TRAVEL PAKET,31900.0,50278.0,Automatik,10/2023,Benzin,135 kW (184 PS),"6,9 l/100 km (komb.)",154 g/km (komb.),,2023,184
301,"BMW 320 iA M SPORT Stop+Go,LED,LivePlus,Hifi,Kamera PDC",37840.0,8715.0,Automatik,07/2024,Benzin,135 kW (184 PS),"6,6 l/100 km (komb.)",148 g/km (komb.),CO₂-Klasse E (komb.),2024,184
302,BMW 320 320i Touring M Sport ACC Kamera Memory Komfortz,34799.0,27422.0,Automatik,05/2023,Benzin,135 kW (184 PS),- (l/100 km),- (g/km),,2023,184
303,"BMW 320 3 Lim. 320 i xDrive M Sport,HIFI,Alarm,LiveCockp",34900.0,46300.0,Automatik,10/2021,Benzin,135 kW (184 PS),"5,9 l/100 km (komb.)",135 g/km (komb.),,2021,184
304,BMW 320 i+ Navi+DAB+LED+RFK+SHZ+Temp+WLAN+PDCv+h,28900.0,53800.0,Automatik,06/2021,Benzin,135 kW (184 PS),"7,2 l/100 km (komb.)",163 g/km (komb.),CO₂-Klasse F (komb.),2021,184
305,BMW 320 i Limousine G20  Advantage/Automatik/HiFi,26890.0,80445.0,Automatik,08/2020,Benzin,135 kW (184 PS),- (l/100 km),- (g/km),,2020,184
306,BMW 320 i M Sport Touring *R-KAMERA*HEADUP*HIFI*NAVI*SHZ*,33780.0,31600.0,Automatik,06/2023,Benzin,135 kW (184 PS),"7,6 l/100 km (komb.)",170 g/km (komb.),CO₂-Klasse F (komb.),2023,184
307,BMW 320 i xDrive M Sport Aut. Innovationsp. ACC Kamer,36620.0,46042.0,Automatik,09/2021,Benzin,135 kW (184 PS),"6,9 l/100 km (komb.)",154 g/km (komb.),CO₂-Klasse E (komb.),2021,184
308,BMW 320 i Touring Aut.,37990.0,26302.0,Automatik,11/2022,Benzin,135 kW (184 PS),- (l/100 km),- (g/km),,2022,184
309,BMW 320 i Limousine Advantage LED.DrivAss.AHK.DAB,29890.0,56594.0,Automatik,09/2021,Benzin,135 kW (184 PS),- (l/100 km),- (g/km),,2021,184
310,BMW 320 i Touring M Sport AHK Pano Laser Memory HUD,33400.0,47200.0,Automatik,06/2020,Benzin,135 kW (184 PS),- (l/100 km),- (g/km),,2020,184
311,BMW 320 iA Touring M-Sport Navi HUD ACC adLED RüKa,34349.0,32468.0,Automatik,04/2023,Benzin,135 kW (184 PS),"7,1 l/100 km (komb.)",159 g/km (komb.),CO₂-Klasse F (komb.),2023,184
312,BMW 320 Alarm AHK GSD LED DAB Leder Sport Stop&Go,30999.0,26311.0,Automatik,06/2021,Benzin,135 kW (184 PS),- (l/100 km),142 g/km (komb.),CO₂-Klasse A (komb.),2021,184
313,BMW 320 i Touring Aut.~HEAD-UP~PANO~LED~TRAVEL PAKET,34900.0,16450.0,Automatik,08/2023,Benzin,135 kW (184 PS),"6,9 l/100 km (komb.)",154 g/km (komb.),,2023,184
314,BMW 320 i Tour M Sportpaket AHK°ACC*el.Sitz+M*Rfcam.,35500.0,43890.0,Automatik,05/2023,Benzin,135 kW (184 PS),"7,1 l/100 km (komb.)",160 g/km (komb.),,2023,184
315,BMW 320 i Advantage LED Navi Bus. Tempomat USB Shz,22890.0,80395.0,Schaltgetriebe,06/2019,Benzin,135 kW (184 PS),- (l/100 km),- (g/km),,2019,184
316,BMW 320 i DAB PDC LED Geschwindigkeitsreg.Individual,28999.0,24230.0,Automatik,08/2021,Benzin,135 kW (184 PS),- (l/100 km),151 g/km (komb.),CO₂-Klasse A (komb.),2021,184
317,BMW 320 i Tour M Sportpaket AHK°ACC*el.Sitz+M*Rfcam.,39400.0,17480.0,Automatik,01/2024,Benzin,135 kW (184 PS),"7,1 l/100 km (komb.)",160 g/km (komb.),,2024,184
318,BMW 320 i M-SPORT/SHADOW /WIDES./LED/ACC/AHK/HUD,37900.0,49400.0,Automatik,05/2023,Benzin,135 kW (184 PS),"7,2 l/100 km (komb.)",159 g/km (komb.),,2023,184
319,BMW 320 i xDrive Limo M Sport *18 ZOLL*NAVI*LASER*GSD*,32888.0,94533.0,Automatik,10/2020,Benzin,135 kW (184 PS),- (l/100 km),- (g/km),,2020,184
320,BMW 320 i Touring*Sport Line*Leder*Park Assist*Panoramadac,33990.0,65283.0,Automatik,06/2021,Benzin,135 kW (184 PS),- (l/100 km),- (g/km),,2021,184
321,BMW 320 320i Aut. Advantage,29990.0,55000.0,Automatik,06/2020,Benzin,135 kW (184 PS),"6,3 l/100 km (komb.)",163 g/km (komb.),CO₂-Klasse F (komb.),2020,184
322,BMW 320 i Limousine ACC Pano SHZ Memory HuD KZU,35890.0,14400.0,Automatik,10/2023,Benzin,135 kW (184 PS),- (l/100 km),- (g/km),,2023,184
323,BMW 320 i Tour M Sport ACC RFK HuD HiFi QI KZU ad.LED,33190.0,31100.0,Automatik,06/2023,Benzin,135 kW (184 PS),- (l/100 km),- (g/km),,2023,184
324,BMW 320 i Touring *M Sport*PanoSD*AHK*Laser*Kamera*,34599.0,53000.0,Automatik,07/2021,Benzin,135 kW (184 PS),"5,7 l/100 km (komb.)",130 g/km (komb.),,2021,184
325,BMW 320 i Automatik M Sportpaket Navi. HiFi RfKam LED,37870.0,8308.0,Automatik,06/2024,Benzin,135 kW (184 PS),"7,0 l/100 km (komb.)",148 g/km (komb.),CO₂-Klasse E (komb.),2024,184
326,BMW 320 i Touring M Sport Navi Prof Pano DAB PDC,32890.0,52990.0,Automatik,06/2021,Benzin,135 kW (184 PS),- (l/100 km),- (g/km),,2021,184
327,BMW 320 i LED Glasdach PDC Keyless Bluetooth Navi Klima,30490.0,49490.0,Automatik,04/2022,Benzin,135 kW (184 PS),- (l/100 km),- (g/km),,2022,184
328,BMW 320 i Advantage/Navi/Virtual/Klima/App/LED/1Hand,29990.0,77000.0,Automatik,10/2020,Benzin,135 kW (184 PS),"5,3 l/100 km (komb.)",120 g/km (komb.),,2020,184
329,BMW 320 Alarm AHK GSD LED DAB Leder Sport Stop&Go,30999.0,26311.0,Automatik,06/2021,Benzin,135 kW (184 PS),- (l/100 km),142 g/km (komb.),CO₂-Klasse A (komb.),2021,184
330,BMW 320 i xDrive MSport Steptr. Temp PDC KAM LED NAV,34990.0,59999.0,Automatik,09/2021,Benzin,135 kW (184 PS),"5,9 l/100 km (komb.)",135 g/km (komb.),,2021,184
331,BMW 320 i Tour. Advantage AHK PDC SiHz ActGu+ SmaPhInt,29930.0,33220.0,Automatik,04/2022,Benzin,135 kW (184 PS),- (l/100 km),- (g/km),,2022,184
332,BMW 320 i Touring M Sport ACC RFK HUD LCP DAB Pano Navi,32950.0,40747.0,Automatik,02/2021,Benzin,135 kW (184 PS),- (l/100 km),- (g/km),,2021,184
333,BMW 320 320 i xDrive M Sport Shadow line,35000.0,72000.0,Automatik,03/2020,Benzin,135 kW (184 PS),"6,1 l/100 km (komb.)",139 g/km (komb.),,2020,184
334,BMW 320 i Lim. Sport Line Laser LivePro HuD ACC LM SH,33899.0,22318.0,Automatik,10/2021,Benzin,135 kW (184 PS),- (l/100 km),- (g/km),,2021,184
335,BMW 320 i M-Sport Touring Facelift LED Kamera Navi,38870.0,9300.0,Automatik,04/2024,Benzin,135 kW (184 PS),"6,6 l/100 km (komb.)",148 g/km (komb.),CO₂-Klasse E (komb.),2024,184
336,BMW 320 i Touring M Sport Auto Innovationsp. Head-Up,29440.0,83335.0,Automatik,01/2020,Benzin,135 kW (184 PS),- (l/100 km),- (g/km),,2020,184
337,BMW 320 i Touring Aut Sport Line LED DriveAssist ParkAssis,29470.0,51200.0,Automatik,04/2021,Benzin,135 kW (184 PS),- (l/100 km),- (g/km),,2021,184
338,BMW 320 i Touring AUT. LUXURY LEDER LC-PROF PANO CAM,30900.0,47400.0,Automatik,10/2020,Benzin,135 kW (184 PS),"5,6 l/100 km (komb.)",129 g/km (komb.),,2020,184
339,BMW 320 i Touring Sportautomatik -HUD-Kamera-adapt.LED-,37690.0,8000.0,Automatik,01/2024,Benzin,135 kW (184 PS),"6,9 l/100 km (komb.)",155 g/km (komb.),,2024,184
340,BMW 320 i Limousine GSD Laser HUD DAB HiFi PA,31790.0,51827.0,Automatik,09/2021,Benzin,135 kW (184 PS),- (l/100 km),- (g/km),,2021,184
341,BMW 320 i Touring M Sport|Stop&Go|HiFi|Parkass.,36980.0,21800.0,Automatik,07/2023,Benzin,135 kW (184 PS),- (l/100 km),- (g/km),,2023,184
342,BMW 320 GT Luxury Line|AUTOM|PANO|LEDER|LED|19 ZOLL|ME,26880.0,72700.0,Automatik,01/2019,Benzin,135 kW (184 PS),"6,2 l/100 km (komb.)",141 g/km (komb.),,2019,184
343,BMW 320 i Tour M Sportpak AdLED°ACC°Headup°HIFI°eSit,35400.0,23860.0,Automatik,07/2023,Benzin,135 kW (184 PS),- (l/100 km),- (g/km),,2023,184
344,BMW 320 320i Aut. M Sport,32990.0,44250.0,Automatik,10/2020,Benzin,135 kW (184 PS),"6,3 l/100 km (komb.)",166 g/km (komb.),CO₂-Klasse F (komb.),2020,184
345,BMW 320 320i+Touring+Aut.+Sport+Line,33500.0,23500.0,Automatik,10/2021,Benzin,135 kW (184 PS),"5,7 l/100 km (komb.)",- (g/km),,2021,184
346,BMW 320 i xDrive*LED*ACC*Navi*Leder*Kamera*Ambiente*,31990.0,21200.0,Automatik,10/2019,Benzin,135 kW (184 PS),"6,3 l/100 km (komb.)",143 g/km (komb.),,2019,184
347,BMW 320 i Touring SportLine AUTOMATIK NAV LED DIG-DISPLAY,29950.0,38673.0,Automatik,04/2020,Benzin,135 kW (184 PS),- (l/100 km),- (g/km),,2020,184
348,BMW 320 i M Sport Touring*LED*Memory*Head Up*Kamera*,33999.0,29000.0,Automatik,05/2023,Benzin,135 kW (184 PS),- (l/100 km),- (g/km),,2023,184
349,BMW 320 i M-Sport Aut Nav LED Glasd Drive+Park HiFi,38880.0,56860.0,Automatik,11/2021,Benzin,135 kW (184 PS),- (l/100 km),- (g/km),,2021,184
350,BMW 320 i M Sport HUD/LED/LEDER/RFK/LCI/SHADOW LINE,36900.0,40000.0,Automatik,07/2023,Benzin,135 kW (184 PS),"7,2 l/100 km (komb.)",159 g/km (komb.),,2023,184
351,BMW 320 i Touring M Sport HiFi DAB LED WLAN RFK Shz,34812.0,40900.0,Automatik,03/2022,Benzin,135 kW (184 PS),- (l/100 km),- (g/km),,2022,184
352,BMW 320 i Touring M Sportpaket|Stop&Go|LCProf.|HiFi,35555.0,36956.0,Automatik,05/2023,Benzin,135 kW (184 PS),- (l/100 km),- (g/km),,2023,184
353,BMW 320 i Touring Luxury Line DAB LED Komfortzg. Shz,27990.0,95600.0,Automatik,06/2021,Benzin,135 kW (184 PS),- (l/100 km),- (g/km),,2021,184
354,BMW 320 320i M Sportpaket HeadUp ACC Memo RFK AHK Sound,37690.0,25600.0,Automatik,01/2024,Benzin,135 kW (184 PS),"6,8 l/100 km (komb.)",153 g/km (komb.),CO₂-Klasse E (komb.),2024,184
355,BMW 320 iA Touring Luxury Line 1.Hand LED Leder Head,28995.0,84606.0,Automatik,03/2021,Benzin,135 kW (184 PS),- (l/100 km),- (g/km),,2021,184
356,BMW 320 iA Tour. Luxury Line LiveCock.AHK.ParkAss.SHZ,31899.0,43470.0,Automatik,10/2021,Benzin,135 kW (184 PS),- (l/100 km),- (g/km),,2021,184
357,BMW 320 i Touring M-Sport PANO+HUD+ACC+KAM+MEM,34950.0,34500.0,Automatik,03/2023,Benzin,135 kW (184 PS),- (l/100 km),- (g/km),,2023,184
358,BMW 320 320i xDrive Aut. Sport Line,29900.0,68235.0,Automatik,09/2019,Benzin,135 kW (184 PS),"5,9 l/100 km (komb.)",135 g/km (komb.),,2019,184
359,BMW 320 i Touring M-Sport ABSTANDST. MEMORY HEAD-UP,35480.0,18060.0,Automatik,06/2023,Benzin,135 kW (184 PS),- (l/100 km),- (g/km),,2023,184
360,BMW 320 i Touring M-Sport HEAD-UP MEMORY ABSTANDST.,36480.0,25290.0,Automatik,04/2024,Benzin,135 kW (184 PS),- (l/100 km),- (g/km),,2024,184
361,BMW 320 i Touring M Sport Laser Ahk ACC Pano HiFi HuD,30390.0,99500.0,Automatik,06/2021,Benzin,135 kW (184 PS),- (l/100 km),- (g/km),,2021,184
362,"BMW 320 i M SPORT Stop+Go,LED,LivePlus,Hifi,Kamera Navi",37950.0,5386.0,Automatik,06/2024,Benzin,135 kW (184 PS),"8,0 l/100 km (komb.)",105 g/km (komb.),CO₂-Klasse C (komb.),2024,184
363,BMW 320 i M Sport HUD DAB HiFi Stop&Go PDC LED Alarm,28999.0,92451.0,Automatik,08/2021,Benzin,135 kW (184 PS),- (l/100 km),153 g/km (komb.),CO₂-Klasse A (komb.),2021,184
364,BMW 320 i touring Advantage *AHK*LIVE CP*UPE:52,26450.0,85841.0,Automatik,04/2022,Benzin,135 kW (184 PS),"5,8 l/100 km (komb.)",152 g/km (komb.),,2022,184
365,BMW 320 iA Tou M-Sport LCProf HUD RFK Laser eSitze,32990.0,66972.0,Automatik,04/2021,Benzin,135 kW (184 PS),"7,1 l/100 km (komb.)",161 g/km (komb.),CO₂-Klasse F (komb.),2021,184
366,BMW 320 i M Sport HUD/LED/LEDER/RFK/LCI/SHADOW LINE,36900.0,40000.0,Automatik,07/2023,Benzin,135 kW (184 PS),"7,2 l/100 km (komb.)",159 g/km (komb.),,2023,184
367,BMW 320 i Tour M Sportpak AdLED°ACC°HIFI°el.Sitz*HUP,35900.0,21300.0,Automatik,06/2023,Benzin,135 kW (184 PS),- (l/100 km),- (g/km),,2023,184
368,"BMW 320 i Tour. M-Paket,Adapt.LED,HeadUp,LC Prof.,ACC",35850.0,19800.0,Automatik,05/2023,Benzin,135 kW (184 PS),"7,1 l/100 km (komb.)",159 g/km (komb.),CO₂-Klasse F (komb.),2023,184
369,BMW 320 i Prof. DAB PDC Klima Sitzhzg. Lordose,32990.0,21519.0,Automatik,02/2023,Benzin,135 kW (184 PS),- (l/100 km),- (g/km),,2023,184
370,BMW 320 i Tour M Sport ACC HiFi RFK KZU HuD QI ad.LED,33390.0,31500.0,Automatik,06/2023,Benzin,135 kW (184 PS),- (l/100 km),- (g/km),,2023,184
371,BMW 320 i Limousine Advantage DAB LED Komfortzg. Shz,29930.0,54200.0,Automatik,06/2021,Benzin,135 kW (184 PS),- (l/100 km),- (g/km),,2021,184
372,BMW 320 i M Sportpaket HiFi LED RKamera Navi HiFi SHZ,37730.0,16599.0,Automatik,06/2024,Benzin,135 kW (184 PS),"7,0 l/100 km (komb.)",148 g/km (komb.),CO₂-Klasse E (komb.),2024,184
373,BMW 320 i Limousine M Sport Gestiksteuerung Head-Up,34850.0,46809.0,Automatik,03/2020,Benzin,135 kW (184 PS),- (l/100 km),- (g/km),,2020,184
374,BMW 320 3 Touring 320 i M Sport Navi LED Head-up PDC Klima,31990.0,58798.0,Automatik,05/2021,Benzin,135 kW (184 PS),- (l/100 km),- (g/km),,2021,184
375,"BMW 320 i Limousine M-Sportpaket NP 62.969,-  HiFi",37900.0,20000.0,Automatik,10/2023,Benzin,135 kW (184 PS),- (l/100 km),- (g/km),,2023,184
376,BMW 320 320i Touring M Sport HUD ACC RFK Sound el.Sitze,34490.0,25000.0,Automatik,06/2023,Benzin,135 kW (184 PS),"6,9 l/100 km (komb.)",159 g/km (komb.),CO₂-Klasse F (komb.),2023,184
377,BMW 320 i M Sport LiveCockpit DrivingAssist 3Zonen,37990.0,11007.0,Automatik,04/2022,Benzin,135 kW (184 PS),"7,2 l/100 km (komb.)",163 g/km (komb.),CO₂-Klasse F (komb.),2022,184
378,BMW 320 i Touring Aut. HUD NAVI LED Sound Syst. PDC V+H,36900.0,15436.0,Automatik,04/2023,Benzin,135 kW (184 PS),- (l/100 km),- (g/km),,2023,184
379,BMW 320 iA Lim. M Sport NaviProf.HUD.Ambiente.PDC.DAB,34649.0,29970.0,Automatik,09/2021,Benzin,135 kW (184 PS),- (l/100 km),- (g/km),,2021,184
380,BMW 320 i Limousine Navi Sitzheiz. PDC DAB,29780.0,22374.0,Automatik,11/2020,Benzin,135 kW (184 PS),- (l/100 km),- (g/km),,2020,184
381,BMW 320 i Tour M Sportpaket ACC*Headup*HIFI*M-Alu18,37900.0,25500.0,Automatik,08/2023,Benzin,135 kW (184 PS),"7,0 l/100 km (komb.)",159 g/km (komb.),,2023,184
382,BMW 320 i Lim. M Sport adptLED RFK KZU ACC 3-Z HiFi,37400.0,25500.0,Automatik,04/2024,Benzin,135 kW (184 PS),- (l/100 km),- (g/km),,2024,184
383,BMW 320 i Touring M Sport ACC HuD RFK HiFi QI adp.LED,33370.0,31500.0,Automatik,06/2023,Benzin,135 kW (184 PS),- (l/100 km),- (g/km),,2023,184
384,BMW 320 i Sport Line LED PDC DAB SHZ Navi Prof,30280.0,59990.0,Automatik,09/2021,Benzin,135 kW (184 PS),- (l/100 km),- (g/km),,2021,184
385,BMW 320 i AUTOM. LUXURY LEDER LC-PROF HUD SD KAMERA,34800.0,26000.0,Automatik,07/2021,Benzin,135 kW (184 PS),"5,3 l/100 km (komb.)",146 g/km (komb.),,2021,184
386,BMW 320 i M Sport Touring LED NAVI RFK ACC SHZ*SOFORT,42689.0,13168.0,Automatik,09/2023,Benzin,135 kW (184 PS),"7,5 l/100 km (komb.)",169 g/km (komb.),CO₂-Klasse F (komb.),2023,184
387,BMW 320 i Touring M Sport Laser DAB Hifi Parkassisten,33839.0,46700.0,Automatik,05/2022,Benzin,135 kW (184 PS),"7,0 l/100 km (komb.)",159 g/km (komb.),CO₂-Klasse F (komb.),2022,184
388,BMW 320 320i Aut. Advantage,31500.0,21500.0,Automatik,05/2022,Benzin,135 kW (184 PS),- (l/100 km),- (g/km),,2022,184
389,BMW 320 i M-Sport HUD Hifi SportLenk MemoSitze AdLED ACC E,36733.0,22990.0,Automatik,05/2023,Benzin,135 kW (184 PS),"7,5 l/100 km (komb.)",169 g/km (komb.),CO₂-Klasse F (komb.),2023,184
390,BMW 320 i M Sport Aut.*NAVI*HEAD-UP*CAM*SHZ*,34160.0,31680.0,Automatik,07/2021,Benzin,135 kW (184 PS),"5,7 l/100 km (komb.)",154 g/km (komb.),,2021,184
391,BMW 320 i Touring Klima PDC DAB Sitzhzg. Lordosenstütze,31480.0,63603.0,Automatik,02/2023,Benzin,135 kW (184 PS),- (l/100 km),- (g/km),,2023,184
392,BMW 320 320i M Sport Aut.*NAVI*ACC*CAM*PDC*SHZ*LIM*ALU*,31990.0,64652.0,Automatik,10/2020,Benzin,135 kW (184 PS),"6,1 l/100 km (komb.)",154 g/km (komb.),,2020,184
393,BMW 320 i Touring Aut.~HEAD-UP~PANO~LED~TRAVEL PAKET,33900.0,27081.0,Automatik,07/2023,Benzin,135 kW (184 PS),"6,9 l/100 km (komb.)",154 g/km (komb.),,2023,184
394,"BMW 320 i M-Sport Aut Nav LED AHK PDCv+h Komfzg 19""",43230.0,28633.0,Automatik,07/2023,Benzin,135 kW (184 PS),- (l/100 km),- (g/km),,2023,184
395,"BMW 320 i A Tou M Sport,LCPlus,ACC,RFK,DAB,HIFI",39519.0,4217.0,Automatik,06/2024,Benzin,135 kW (184 PS),"6,8 l/100 km (komb.)",153 g/km (komb.),CO₂-Klasse E (komb.),2024,184
396,BMW 320 i xDrive limo Aut/Laser/HeadUp/Kamera/ACC,35440.0,29728.0,Automatik,09/2021,Benzin,135 kW (184 PS),- (l/100 km),- (g/km),,2021,184
397,BMW 320 i Tour M Sportpaket Ad.LED°ACC°el.Sitze+Mem.,35500.0,27860.0,Automatik,08/2023,Benzin,135 kW (184 PS),"7,1 l/100 km (komb.)",160 g/km (komb.),,2023,184
398,BMW 320 i M Sport MEMORY/ACC/ADAPTIVLED/SCHIEBEDACH,39999.0,24500.0,Automatik,04/2024,Benzin,135 kW (184 PS),"6,9 l/100 km (komb.)",156 g/km (komb.),CO₂-Klasse F (komb.),2024,184
